Rpl10,1700020D14Rik,Pbsn
Rpl10a,1700040F15Rik,Scml2
Rpl11,4932431L22Rik,Tfe3
Rpl12,Ddx3y,Drp2
Rpl13,Eif2s3y,Mid2
Rpl13a,Gapdh-ps15,Mcts1
Rpl14,Gm10256,Egfl6
Rpl15,Gm10352,Ddx3x
Rpl17,Gm17790,Fmr1
Rpl18,Gm18177,Dlg3
Rpl18a,Gm18665,Araf
Rpl19,Gm18796,Cfp
Rpl21,Gm18797,Timp1
Rpl22,Gm18798,Uxt
Rpl23,Gm20736,Ocrl
Rpl23a,Gm20737,Uba1
Rpl24,Gm20738,Fam50a
Rpl26,Gm20747,Emd
Rpl27,Gm20770,Gria3
Rpl27a,Gm20772,Pdzd4
Rpl28,Gm20773,Srpk3
Rpl29,Gm20775,Idh3g
Rpl3,Gm20776,Pnck
Rpl30,Gm20777,Ssr4
Rpl31,Gm20781,Bcap31
Rpl32,Gm20788,Ikbkg
Rpl34,Gm20791,Clcn5
Rpl35,Gm20792,Sh2d1a
Rpl35a,Gm20793,Cnga2
Rpl36,Gm20794,Rhox6
Rpl37,Gm20795,Pgrmc1
Rpl37a,Gm20798,Steep1
Rpl38,Gm20799,Pola1
Rpl39,Gm20800,Mid1ip1
Rpl4,Gm20801,Rpl10
Rpl40,Gm20802,Elk1
Rpl41,Gm20803,Taf7l
Rpl44,Gm20804,Tex11
Rpl5,Gm20805,Kcnd1
Rpl6,Gm20806,Nxf2
Rpl7,Gm20807,Tafazzin
Rpl7a,Gm20808,Mtmr1
Rpl8,Gm20809,Hmgb3
Rpl9,Gm20810,Lage3
Rplp0,Gm20811,Ubl4a
Rplp1,Gm20812,Gdi1
Rplp2,Gm20813,Cybb
Rps10,Gm20814,Xk
Rps11,Gm20815,Cltrn
Rps12,Gm20816,Ace2
Rps13,Gm20817,Awat1
Rps14,Gm20818,Pdzd11
Rps15,Gm20819,Tenm1
Rps15a,Gm20820,Lonrf3
Rps16,Gm20821,Ube2a
Rps17,Gm20822,Slc25a5
Rps18,Gm20823,Atp1b4
Rps19,Gm20824,Pls3
Rps2,Gm20825,Nkap
Rps20,Gm20826,Ndufa1
Rps21,Gm20827,Lamp2
Rps23,Gm20828,Il13ra1
Rps24,Gm20830,Glra2
Rps25,Gm20831,Glra4
Rps26,Gm20832,Atp6ap1
Rps27,Gm20833,Dnase1l1
Rps27a,Gm20834,Gdpd2
Rps28,Gm20835,Slc6a8
Rps29,Gm20836,Rgn
Rps3,Gm20837,Mospd1
Rps30,Gm20838,Fhl1
Rps3a,Gm20840,Ssxb2
Rps4x,Gm20841,Cypt1
Rps5,Gm20842,Bmp15
Rps6,Gm20843,Esx1
Rps7,Gm20844,Maoa
Rps8,Gm20846,Efhc2
Rps9,Gm20847,Fundc1
Rpsa,Gm20848,Dusp21
,Gm20849,Samt4
,Gm20850,Nr0b1
,Gm20851,Tasl
,Gm20852,Gk
,Gm20853,Maged1
,Gm20854,Tbl1x
,Gm20855,Ribc1
,Gm20856,Hsd17b10
,Gm20857,Huwe1
,Gm20858,Fam120c
,Gm20859,Tsr2
,Gm20860,Fgd1
,Gm20861,Gnl3l
,Gm20862,Maged2
,Gm20863,Apex2
,Gm20864,Alas2
,Gm20865,Pfkfb1
,Gm20866,Tro
,Gm20867,Sat1
,Gm20868,Acot9
,Gm20869,4933436I01Rik
,Gm20870,Prdx4
,Gm20871,Kdm5c
,Gm20873,Gpr143
,Gm20874,Apool
,Gm20877,Satl1
,Gm20879,2010106E10Rik
,Gm20880,Zfp711
,Gm20881,Chm
,Gm20882,Dach2
,Gm20883,Klhl4
,Gm20884,Phf6
,Gm20885,Hprt
,Gm20886,Arhgef9
,Gm20887,Cnksr2
,Gm20888,Rps6ka6
,Gm20889,Tmem47
,Gm20890,Prps2
,Gm20891,Xiap
,Gm20892,Stag2
,Gm20893,Atp6ap2
,Gm20894,Usp9x
,Gm20895,Cask
,Gm20896,Ndufb11
,Gm20897,Rbm10
,Gm20898,Cdk16
,Gm20901,Usp11
,Gm20902,Zfp300
,Gm20903,Slc6a14
,Gm20904,Dock11
,Gm20905,Cul4b
,Gm20906,Smarca1
,Gm20907,Sash3
,Gm20908,Elf4
,Gm20909,Rab33a
,Gm20910,Slc25a14
,Gm20911,Rbmx2
,Gm20912,Enox2
,Gm20913,Igsf1
,Gm20914,Stk26
,Gm20915,Magea14
,Gm20916,Gpc4
,Gm20917,3830403N18Rik
,Gm20918,Brs3
,Gm20919,Vgll1
,Gm20920,Cd40lg
,Gm20921,Arhgef6
,Gm20922,Rbmx
,Gm20923,Fgf13
,Gm20924,F9
,Gm20925,Mcf2
,Gm20926,Cacna1f
,Gm20927,Ccdc22
,Gm20928,Syp
,Gm20929,Prickle3
,Gm20930,Plp2
,Gm20931,Magix
,Gm20932,Gpkow
,Gm20933,Praf2
,Gm20934,Ccdc120
,Gm20935,Gripap1
,Gm20936,Otud5
,Gm20937,Pim2
,Gm20963,Slc35a2
,Gm20978,Pqbp1
,Gm2098,Timm17b
,Gm20987,Eras
,Gm21064,Hdac6
,Gm21065,Gata1
,Gm21076,Glod5
,Gm21088,Was
,Gm21094,Wdr13
,Gm21095,Rbm3
,Gm21111,Ebp
,Gm21114,Porcn
,Gm21117,Slc38a5
,Gm21118,Ftsj1
,Gm21127,Otc
,Gm21139,Rpgr
,Gm21147,Dynlt3
,Gm21151,Magea9
,Gm21155,Ctag2
,Gm21156,4930447F04Rik
,Gm21160,Aff2
,Gm21163,4931400O07Rik
,Gm21170,F8
,Gm21171,Vbp1
,Gm21173,Fundc2
,Gm21180,Mtcp1
,Gm21184,Brcc3
,Gm21191,Rab39b
,Gm21198,Asb12
,Gm21201,Msn
,Gm21209,Heph
,Gm21241,Gpr165
,Gm21242,Pgr15l
,Gm21244,Ophn1
,Gm21245,Stard8
,Gm21247,Efnb1
,Gm21248,Awat2
,Gm21249,Igbp1
,Gm21256,Magee2
,Gm21257,Pbdc1
,Gm21258,Magee1
,Gm21268,Atrx
,Gm21271,Fgf16
,Gm21275,Cox7b
,Gm21281,Magt1
,Gm21282,Itm2a
,Gm21285,Tbx22
,Gm21287,2610002M06Rik
,Gm21292,Hmgn5
,Gm21294,Sh3bgrl
,Gm21301,Tnmd
,Gm21302,Srpx2
,Gm21308,Sytl4
,Gm21310,Cstf2
,Gm21316,Nox1
,Gm21317,Xkrx
,Gm21330,Cenpi
,Gm21333,Btk
,Gm21340,Gla
,Gm21344,4930513O06Rik
,Gm21350,Serpina7
,Gm21366,Col4a6
,Gm21379,Col4a5
,Gm21380,Acsl4
,Gm21387,Chrdl1
,Gm21394,Pak3
,Gm21396,Dcx
,Gm21405,Il13ra2
,Gm21409,Lrch2
,Gm21412,Cdkl5
,Gm21413,Rs1
,Gm21419,Phka2
,Gm21425,Slc7a3
,Gm21427,Adgrg2
,Gm21428,Pdha1
,Gm21435,Nlgn3
,Gm21440,Map3k15
,Gm21443,Il2rg
,Gm21450,Rps6ka3
,Gm21454,Zmym3
,Gm21462,Nono
,Gm21469,Itgb1bp2
,Gm21470,Taf1
,Gm21476,Rps4x
,Gm21477,Dmrtc1a
,Gm21488,4930519F16Rik
,Gm21489,Cdx4
,Gm21497,Chic1
,Gm21506,Flna
,Gm21518,Tsx
,Gm21524,Zcchc13
,Gm21529,Abcb7
,Gm21530,Mtm1
,Gm21539,Gabre
,Gm21562,Gpm6b
,Gm21572,Gabra3
,Gm21573,Gabrq
,Gm21577,Cetn2
,Gm21588,Nsdhl
,Gm21599,Zfp185
,Gm21617,Hccs
,Gm21626,Rbbp7
,Gm21627,Amelx
,Gm21633,Arhgap6
,Gm21634,Syap1
,Gm21638,Msl3
,Gm21642,Ctps2
,Gm21647,Xlr4c
,Gm21650,Grpr
,Gm21654,Zfp275
,Gm21658,Ap1s2
,Gm21660,Zrsr2
,Gm21661,Haus7
,Gm21672,Trex2
,Gm21677,Car5b
,Gm21678,Zfp92
,Gm21679,Bgn
,Gm21683,Atp2b3
,Gm21693,Bmx
,Gm21704,Abcd1
,Gm21708,Pir
,Gm21715,Vegfd
,Gm21717,Piga
,Gm21719,Asb11
,Gm21720,Dusp9
,Gm21721,Asb9
,Gm21722,Plxnb3
,Gm21723,Hcfc1
,Gm21724,Renbp
,Gm21725,Naa10
,Gm21728,Arhgap4
,Gm21729,Avpr2
,Gm21733,L1cam
,Gm21734,Irak1
,Gm21735,Mecp2
,Gm21736,Opn1mw
,Gm21737,Tktl1
,Gm21739,Plxna3
,Gm21740,Fam3a
,Gm21741,G6pdx
,Gm21742,Mpp1
,Gm21744,Dkc1
,Gm21745,Tceal6
,Gm21746,Nxf7
,Gm21748,Pramex1
,Gm21749,Morf4l2
,Gm21751,Kir3dl1
,Gm21752,Plp1
,Gm21753,Zcchc18
,Gm21755,Psmd10
,Gm21756,Vsig1
,Gm21757,Tsc22d3
,Gm21758,Prps1
,Gm21760,Rbm41
,Gm21763,Morc4
,Gm21764,Rnf128
,Gm21765,Gab3
,Gm21766,Slc10a3
,Gm21767,1700031F05Rik
,Gm21768,Magea4
,Gm21771,Prrg3
,Gm21773,Armcx2
,Gm21774,Armcx1
,Gm21775,Tmem35a
,Gm21776,Fndc3c1
,Gm21777,Tlr13
,Gm21778,Atp7a
,Gm21779,Zdhhc15
,Gm21780,Slc16a2
,Gm21782,Phka1
,Gm21783,Ogt
,Gm21784,Kif4
,Gm21785,Pja1
,Gm21787,Eda2r
,Gm21788,Diaph2
,Gm21790,Hdx
,Gm21791,Tex16
,Gm21792,Pof1b
,Gm21794,Pabpc5
,Gm21795,Pcdh11x
,Gm21796,Zc3h12b
,Gm21797,Zc4h2
,Gm21799,Eif2s3x
,Gm21800,Pdk3
,Gm21801,Pcyt1b
,Gm21802,Arx
,Gm21803,Mid1
,Gm21804,Ssx9
,Gm21805,4930415L06Rik
,Gm21806,Dcaf8l
,Gm21808,Mageb4
,Gm21809,Samt3
,Gm21810,Tab3
,Gm21812,Fthl17a
,Gm21813,Tsga8
,Gm21815,4930480E11Rik
,Gm21819,Prkx
,Gm21820,Cd99l2
,Gm21821,Ids
,Gm21822,Ints6l
,Gm21823,Fam122c
,Gm21824,Fam122b
,Gm21825,Mbnl3
,Gm21826,Frmd7
,Gm21828,Arhgap36
,Gm21829,Gpr101
,Gm21832,Tmem255a
,Gm21835,Rnf113a1
,Gm21837,Akap14
,Gm21838,Upf3b
,Gm21840,Zcchc12
,Gm21841,Wdr44
,Gm21842,Klhl13
,Gm21843,Slitrk2
,Gm21845,Zfp280c
,Gm21848,Aifm1
,Gm21849,Bcorl1
,Gm21851,Zdhhc9
,Gm21853,Xpnpep2
,Gm21854,Apln
,Gm21855,Prr32
,Gm21856,Spaca5
,Gm21858,Syn1
,Gm21860,Jade3
,Gm21861,Slc9a7
,Gm21862,Chst7
,Gm21864,Dipk2b
,Gm21865,Kdm6a
,Gm21866,Thoc2
,Gm21867,Slc25a43
,Gm21868,Txlng
,Gm21869,Tbc1d25
,Gm21871,Suv39h1
,Gm21872,Pcsk1n
,Gm21873,Wdr45
,Gm21874,Foxp3
,Gm21875,Flicr
,Gm21877,Ppp1r3f
,Gm21878,Ndp
,Gm21879,Maob
,Gm21880,Gpr34
,Gm21881,Bcor
,Gm21882,H2ap
,Gm21889,Tlr8
,Gm21890,Ofd1
,Gm21891,Gemin8
,Gm21892,Siah1b
,Gm21894,S100g
,Gm21895,Reps2
,Gm21896,Sh3kbp1
,Gm21898,Map7d2
,Gm21899,Tspyl2
,Gm21900,Iqsec2
,Gm21901,Smc1a
,Gm21902,Phf8
,Gm21904,Wnk3
,Gm21906,Tmem29
,Gm21907,Htr2c
,Gm21908,Smpx
,Gm21910,Ptchd1
,Gm21912,Kctd12b
,Gm21913,Klf8
,Gm21914,Rragb
,Gm21916,Amot
,Gm21918,Lhfpl1
,Gm21919,Trpc5
,Gm21920,Alg13
,Gm21921,Ammecr1
,Gm21922,Nxt2
,Gm21923,Gucy2f
,Gm21924,Tex13b
,Gm21943,Frmpd3
,Gm21996,Dnaaf6b
,Gm2316,Tbc1d8b
,Gm2325,Radx
,Gm25565,Pwwp3b
,Gm28057,4933428M09Rik
,Gm28072,Fam199x
,Gm28073,Tceal9
,Gm28074,Bex2
,Gm28079,Foxo4
,Gm28080,Gm16373
,Gm28081,Gprasp1
,Gm28082,Magea10
,Gm28088,Rab9b
,Gm28089,Rai2
,Gm28090,Fam90a1b
,Gm28091,Cldn34c4
,Gm28092,Gm9785
,Gm28093,Olfr1326-ps1
,Gm28097,Klhl15
,Gm28098,5430402E10Rik
,Gm28099,1810030O07Rik
,Gm28101,Nkrf
,Gm28102,Bclaf3
,Gm28103,Vsig4
,Gm28104,Slc25a53
,Gm28105,P2ry4
,Gm28106,Sowahd
,Gm28107,Tceal3
,Gm28108,Tlr7
,Gm28109,Mycs
,Gm28110,Gm4779
,Gm28120,Dmd
,Gm28121,Sox3
,Gm28122,Shroom2
,Gm28123,Ppp1r2-ps9
,Gm28124,Eola1
,Gm28125,Dcaf12l1
,Gm28126,Magec2
,Gm28127,Hnrnph2
,Gm28128,Gm4997
,Gm28129,4930402K13Rik
,Gm28130,Hsf3
,Gm28131,Snx12
,Gm28132,Magea13
,Gm28133,Usp27x
,Gm28134,Pnma3
,Gm28135,Bex3
,Gm28136,Nexmif
,Gm28137,Ar
,Gm28138,Spin2c
,Gm28141,Actrt1
,Gm28142,Slitrk4
,Gm28143,8030474K03Rik
,Gm28144,Mbtps2
,Gm28145,Mageb16
,Gm28146,Gm5637
,Gm28147,Tmem164
,Gm28148,Ube2dnl2
,Gm28149,Cldn2
,Gm28150,Mageh1
,Gm28152,Taf9b
,Gm28157,Lancl3
,Gm28158,Klhl34
,Gm28159,Gpr82
,Gm28160,Rtl3
,Gm28161,Yipf6
,Gm28162,Fancb
,Gm28165,Gjb1
,Gm28170,Bex4
,Gm28171,Prrg1
,Gm28173,Timm8a1
,Gm28174,Arxes2
,Gm28176,Zbtb33
,Gm28179,H2bw2
,Gm28185,Olfr1324
,Gm28186,Arxes1
,Gm28191,Cypt3
,Gm28193,Gm5946
,Gm28194,Gm5763
,Gm28197,Gm6377
,Gm28200,Gm8666
,Gm28201,Gm6206
,Gm28202,C1galt1c1
,Gm28203,H2al3
,Gm28204,Armcx3
,Gm28205,Frmpd4
,Gm28206,Rtl5
,Gm28207,Tceal1
,Gm28208,Tmsb4x
,Gm28210,Armcx4
,Gm28211,4921511C20Rik
,Gm28212,Lpar4
,Gm28213,Rap2c
,Gm28216,Bex1
,Gm28217,Akap4
,Gm28218,Ubqln2
,Gm28219,Rhox13
,Gm28220,Cxcr3
,Gm28222,Amer1
,Gm28223,Septin6
,Gm28224,Armcx6
,Gm28225,Pnma5
,Gm28226,Ube2dnl1
,Gm28227,Olfr1323
,Gm28232,Gm7327
,Gm28233,P2ry10
,Gm28234,Dcaf12l2
,Gm28235,Rhox11
,Gm28236,Cited1
,Gm28238,Gpr119
,Gm28241,Ercc6l
,Gm28242,Tceanc
,Gm28243,Nyx
,Gm28244,Trap1a
,Gm28245,Pcdh19
,Gm28246,6030498E09Rik
,Gm28247,Gm5124
,Gm28248,Tceal8
,Gm28249,Otud6a
,Gm28250,Ccnb3
,Gm28251,Olfr1325
,Gm28252,Rhox2a
,Gm28253,Rtl8c
,Gm28254,Ppp1r2-ps7
,Gm28255,Gm650
,Gm28259,B630019K06Rik
,Gm28260,Il1rapl1
,Gm28261,Arl13a
,Gm28264,Zmat1
,Gm28270,Cysltr1
,Gm28272,Nrk
,Gm28273,Fate1
,Gm28274,Adgrg4
,Gm28275,Rhox10
,Gm28276,Tceal5
,Gm28278,P2ry10b
,Gm28279,Sytl5
,Gm28280,Xlr
,Gm28284,Irs4
,Gm28290,1700013H16Rik
,Gm28291,Zfp182
,Gm28292,Smim10l2a
,Gm28293,AV320801
,Gm28295,Gm15155
,Gm28296,A630012P03Rik
,Gm28297,Rbm3os
,Gm28298,4933400A11Rik
,Gm28300,Ct55
,Gm28301,Gpc3
,Gm28302,Gja6
,Gm28303,4933401B06Rik
,Gm28304,Nap1l3
,Gm28310,Magea2
,Gm28311,Usp26
,Gm28312,Olfr1322
,Gm28313,Gpr50
,Gm28314,Rlim
,Gm28315,Gpr173
,Gm28316,Gm6812
,Gm28317,Pou3f4
,Gm28318,Nxf3
,Gm28325,Cldn34b2
,Gm28326,Las1l
,Gm28327,Kir3dl2
,Gm28328,Phex
,Gm28329,Ldoc1
,Gm28330,1700084M14Rik
,Gm28331,Xlr3a
,Gm28332,Xlr3c
,Gm28333,Tcp11x2
,Gm28334,Tspan7
,Gm28335,Xlr5a
,Gm28336,Dmtf1l
,Gm28337,Gm2174
,Gm28338,Il1rapl2
,Gm28339,Eda
,Gm28345,Zfp36l3
,Gm28346,Mamld1
,Gm28348,Gm7331
,Gm28349,Nhs
,Gm28350,Rhox3e
,Gm28352,Samt2b
,Gm28353,1700020N15Rik
,Gm28354,Akap17b
,Gm28355,Gm14773
,Gm28356,Rp2
,Gm28357,4930595M18Rik
,Gm28365,Slc9a6
,Gm28366,Fthl17c
,Gm28367,Tmsb15a
,Gm28368,Arr3
,Gm28369,Etd
,Gm28371,H2al1o
,Gm28377,Plac1
,Gm28389,Mmgt1
,Gm28390,Mageb5
,Gm28391,Mospd2
,Gm28393,Pgk1
,Gm28394,Mageb1
,Gm28395,Ppef1
,Gm28396,Fmr1nb
,Gm28397,Hs6st2
,Gm28398,Gm10112
,Gm28399,Dgkk
,Gm28400,Tex28
,Gm28405,Gm382
,Gm28406,Ssxa1
,Gm28407,Atp11c
,Gm28412,2010204K13Rik
,Gm28413,Gm7117
,Gm28414,Brwd3
,Gm28420,Magea6
,Gm28421,Utp14a
,Gm28422,Gm4987
,Gm28423,Gm648
,Gm28425,Med14
,Gm28426,Mageb5b
,Gm28427,Rhox8
,Gm28428,Gm23628
,Gm28429,Gm22248
,Gm28430,None
,Gm28431,None
,Gm28432,Gm23404
,Gm28433,None
,Gm28435,Gm26441
,Gm28436,Gm26437
,Gm28440,Gm23613
,Gm28442,Gm23615
,Gm28443,Gm24624
,Gm28444,Gm24622
,Gm28445,None
,Gm28446,Gm26131
,Gm28452,Gm24460
,Gm28454,Gm25812
,Gm28456,Gm24147
,Gm28457,None
,Gm28458,None
,Gm28459,Gm25202
,Gm28460,Gm22686
,Gm28461,Gm24038
,Gm28462,Gm22359
,Gm28463,Gm23378
,Gm28464,None
,Gm28468,None
,Gm28469,Gm22364
,Gm28470,None
,Gm28471,Gm24535
,Gm28472,None
,Gm28473,None
,Gm28474,None
,Gm28475,Snord61
,Gm28476,Gm25481
,Gm28480,None
,Gm28481,None
,Gm28482,None
,Gm28483,Gm23454
,Gm28484,Gm26125
,Gm28485,None
,Gm28486,None
,Gm28487,Mir188
,Gm28488,Mir201
,Gm28489,Mir322
,Gm28490,Mir221
,Gm28491,Mir325
,Gm28495,Mir448
,Gm28504,Mir106a
,Gm28506,Mir222
,Gm28507,Mir19b-2
,Gm28508,Mir450-1
,Gm28509,Mir384
,Gm28510,Mir351
,Gm28517,Mir421
,Gm28518,Mir361
,Gm28519,Mir98
,Gm28520,Mir224
,Gm28521,Mirlet7f-2
,Gm28522,Mir92-2
,Gm28531,Gm24763
,Gm28532,Snora69
,Gm28533,Gm25895
,Gm28534,None
,Gm28537,n-R5s7
,Gm28538,Gm25651
,Gm28540,None
,Gm28541,Gm24491
,Gm28542,None
,Gm28545,Gm25006
,Gm28546,None
,Gm28547,None
,Gm28549,Gm26314
,Gm28550,None
,Gm28553,Gm22351
,Gm28554,Gm24522
,Gm28558,Gm26111
,Gm28560,Gm26108
,Gm28561,None
,Gm28565,None
,Gm28566,Rpl7a-ps11
,Gm28567,Eif1ax
,Gm28568,Usp51
,Gm28569,Vmn1r239-ps
,Gm28570,Capn6
,Gm28571,Pramel3
,Gm28572,Trmt2b
,Gm28573,Tspan6
,Gm28574,H2ab1
,Gm28575,Dmrtc1c2
,Gm28576,Dmrtc1c1
,Gm28584,Hdac8
,Gm28585,Dgat2l6
,Gm28587,Mageb18
,Gm28588,Obp1b
,Gm28589,Obp1a
,Gm28593,Xlr5c
,Gm28595,Xlr4b
,Gm28596,Pwwp4a
,Gm28597,Gm14661
,Gm28598,Zic3
,Gm28599,Htatsf1
,Gm28600,Map7d3
,Gm28603,Slxl1
,Gm28604,Rtl8b
,Gm28606,Rtl8a
,Gm28607,Olfr1321
,Gm28608,Gm14648
,Gm28611,Rhox9
,Gm28612,Tesl1
,Gm28613,Agtr2
,Gm28617,Tex13c3
,Gm28618,Btg1b
,Gm28619,Gm5931
,Gm28628,Ssxb9
,Gm28629,Ssxb10
,Gm28630,Gm7079
,Gm28632,Shroom4
,Gm28633,H2al1j
,Gm28636,Mir465
,Gm28637,Mir470
,Gm28646,Mir463
,Gm28647,Mir505
,Gm28648,Mir362
,Gm28649,Mir471
,Gm28654,Mir363
,Gm28655,Mir500
,Gm28656,Mir504
,Gm28657,Mir452
,Gm28658,Mir532
,Gm28662,None
,Gm28663,None
,Gm28664,None
,Gm28668,Gm16410
,Gm28670,Foxr2
,Gm28671,Rtl4
,Gm28672,Gm7123
,Gm28673,Tex13a
,Gm28674,Sms
,Gm28677,Nalf2
,Gm28678,1700010D01Rik
,Gm28679,Spin4
,Gm28680,Gspt2
,Gm28681,Gm5941
,Gm28682,Cldn34b3
,Gm28683,Pwwp4b
,Gm28684,Styx-ps
,Gm28687,Cdr1os
,Gm28689,Gm53064
,Gm28690,Olfr1320
,Gm28691,Rhox12
,Gm28692,Rhox7a
,Gm28695,Rhox3h
,Gm28696,Rhox4e
,Gm28697,Rhox4b
,Gm28698,Rhox3a
,Gm28699,Rhox1
,Gm28700,Gm14525
,Gm28701,Fthl17e
,Gm28702,Ssxb5
,Gm28704,Vmn2r121
,Gm28705,Cldn34b1
,Gm28709,Fthl17f
,Gm28716,Xlr5b
,Gm28717,G530011O06Rik
,Gm28718,Samt2
,Gm28725,Gm10439
,Gm28726,Gm15109
,Gm28732,Gm15107
,Gm28733,Gm15080
,Gm28734,Trpc5os
,Gm28735,Nup62cl
,Gm28736,Ripply1
,Gm28737,Tmsb15l
,Gm28738,Bhlhb9
,Gm28739,Gprasp2
,Gm28741,Armcx5
,Gm28742,Cpxcr1
,Gm28743,Cylc1
,Gm28749,Wmp
,Gm28751,Tent5d
,Gm28752,Gpr174
,Gm28753,Gm5127
,Gm28754,Fnd3c2
,Gm28757,Uprt
,Gm28758,Dmrtc1b
,Gm28759,Gm14812
,Gm28761,Zxda
,Gm28762,Zxdb
,Gm28763,Mageb2
,Gm28764,Cfap47
,Gm28765,Cldn34b4
,Gm28766,Smim9
,Gm28767,Xlr3b
,Gm28768,Gm1141
,Gm28769,Vma21
,Gm28770,Tmem185a
,Gm28771,4930567H17Rik
,Gm28772,Gm10477
,Gm28773,Zfp449
,Gm28774,Gm773
,Gm28775,Ccdc160
,Gm28776,Gm9
,Gm28780,Gm14819
,Gm28781,Gm10486
,Gm28786,Gm14632
,Gm28787,Gm10488
,Gm28788,Gm1993
,Gm28789,Gm14636
,Gm28790,Gm10490
,Gm28795,Gm10491
,Gm28796,Nudt10
,Gm28797,Ezhip
,Gm28798,Nudt11
,Gm28799,None
,Gm28808,Mir547
,Gm28810,Mir652
,Gm28811,Mir20b
,Gm28812,Mir450b
,Gm28813,Mir223
,Gm28814,None
,Gm28815,Mir503
,Gm28816,Mir718
,Gm28817,Mir542
,Gm28819,Mir717
,Gm28820,Mir501
,Gm28823,Mir374b
,Gm28824,Mir672
,Gm28827,None
,Gm28828,Mir676
,Gm28829,Mir450-2
,Gm28831,Mir767
,Gm28832,Mir764
,Gm28833,None
,Gm28834,Mir742
,Gm28835,Mir18b
,Gm28837,Mir741
,Gm28838,Mir743
,Gm28839,Gm22266
,Gm28840,Gm25097
,Gm28841,Gm22785
,Gm28842,Gm22783
,Gm28843,Gm24123
,Gm28844,Gm22472
,Gm28846,None
,Gm28847,Gm25170
,Gm28848,Gm25421
,Gm28849,Gm24281
,Gm28850,Gm22592
,Gm28851,Gm22590
,Gm28852,Gm25915
,Gm28853,Gm26417
,Gm28854,Gm22023
,Gm28855,Gm23705
,Gm28858,Gm25795
,Gm28859,None
,Gm28860,Gm23768
,Gm28861,Gm23320
,Gm28866,Gm23322
,Gm28870,Gm24470
,Gm28871,Gm25728
,Gm28878,None
,Gm28879,Snora35
,Gm28880,Mir105
,Gm28885,None
,Gm28886,None
,Gm28887,Mir878
,Gm28889,Mir880
,Gm28890,Mir883a
,Gm28891,Mir883b
,Gm28894,None
,Gm28895,Mir881
,Gm28896,F630028O10Rik
,Gm28897,Gm5071
,Gm28898,Fthl17d
,Gm28899,Fthl17b
,Gm28907,Gm5924
,Gm28908,Gm3757
,Gm28909,Btbd35f4
,Gm28910,Gm5925
,Gm28915,Btbd35f3
,Gm28916,Gm14762
,Gm28917,Fam47c
,Gm28918,F8a
,Gm28919,Tex13c1
,Gm28920,Btbd35f14
,Gm28921,H2al1n
,Gm28930,Gm2223
,Gm28936,Rab9
,Gm28937,Trappc2
,Gm28938,Magea5
,Gm28939,Magea8
,Gm28943,Gm8334
,Gm28944,Luzp4
,Gm28945,Gm15114
,Gm28946,Atg4a
,Gm28947,Tceal7
,Gm28948,Gm15023
,Gm28949,Rpl36a
,Gm28950,Cldn34c1
,Gm28951,4933403O08Rik
,Gm28952,1700011M02Rik
,Gm28953,Gm9112
,Gm28954,Pin4
,Gm28955,Nhsl2
,Gm28956,Med12
,Gm28957,Apoo
,Gm28958,Zfx
,Gm28961,4932429P05Rik
,Gm28962,Gm14743
,Gm28963,Gm5938
,Gm28964,Gm14744
,Gm28965,Cldn34d
,Gm28966,Pwwp4d
,Gm28968,Ctag2l2
,Gm28969,Pwwp4c
,Gm28970,Ctag2l1
,Gm28971,Spin2d
,Gm28972,Gm14692
,Gm28973,Gm1140
,Gm28974,Gm6760
,Gm28975,Gm7073
,Gm28977,Tm9sf5
,Gm28978,4933416I08Rik
,Gm28983,Gm17604
,Gm28984,Fsip2l
,Gm28985,Cypt15
,Gm28986,Rhox7b
,Gm28987,Rhox2h
,Gm28990,Rhox4g
,Gm28993,Rhox2g
,Gm28994,Rhox4f
,Gm28997,Rhox4d
,Gm28998,Rhox4c
,Gm28999,Rhox3c
,Gm29000,Rhox2c
,Gm29001,Rhox2b
,Gm29002,Rhox4a
,Gm29003,Rpl39
,Gm29021,Gm6268
,Gm29023,Gm2892
,Gm29024,Gm5168
,Gm29025,Gm14862
,Gm29026,Gm5751
,Gm29027,Gm6592
,Gm29028,Ssxb3
,Gm29029,Ssxb6
,Gm29030,Ssxb8
,Gm29031,Gm14459
,Gm29032,Ssxb1
,Gm29033,Xlr4a
,Gm29034,Gm4984
,Gm29037,Gm7146
,Gm29038,Gm14853
,Gm29042,Gm15108
,Gm29043,Gm14864
,Gm29044,Gm14510
,Gm29045,Gm41
,Gm29046,Gm15125
,Gm29047,Spin2-ps2
,Gm29048,Gm9427
,Gm29049,Gm14777
,Gm29056,Gm14448
,Gm29057,Gm14756
,Gm29058,Dppa3-ps
,Gm29059,Gm16400
,Gm29060,Fam220-ps
,Gm29061,Gm14772
,Gm29062,Gm14806
,Gm29063,Gm14807
,Gm29070,Gm14350
,Gm29071,Spin2-ps1
,Gm29073,Gm14644
,Gm29074,Mir1298
,Gm29075,None
,Gm29076,None
,Gm29077,None
,Gm29078,None
,Gm29079,None
,Gm29080,Gm24831
,Gm29081,None
,Gm29082,None
,Gm29089,Gm24907
,Gm29090,Mir1198
,Gm29091,Gm5394
,Gm29092,Gm8107
,Gm29098,Gm14602
,Gm29108,Gm8019
,Gm29109,Gm6121
,Gm29110,Gm14867
,Gm29111,Gm6982
,Gm29115,Gm7150
,Gm29116,Gm15062
,Gm29117,Gm15029
,Gm29118,Gm5392
,Gm29119,Gm14606
,Gm29120,Gm8908
,Gm29121,Gm9143
,Gm29122,Gm6368
,Gm29130,Gm15365
,Gm29131,Gm7199
,Gm29132,Gm7841
,Gm29134,Gm14367
,Gm29142,Gm6783
,Gm29144,Gm9159
,Gm29145,Gm5135
,Gm29146,Gm15166
,Gm29147,Gm14513
,Gm29148,Gm14828
,Gm29149,Gm9434
,Gm29158,Gm2005
,Gm29159,Gm14694
,Gm29160,Gm14892
,Gm29161,Gm14669
,Gm29162,Gm8545
,Gm29165,Gm15216
,Gm29166,Gm14880
,Gm29167,Gm14726
,Gm29169,Gm9115
,Gm29171,Gm4773
,Gm29178,Gm14918
,Gm29179,Gm14523
,Gm29180,Gm14787
,Gm29181,Gm15010
,Gm29182,Gm14332
,Gm29189,Rpl22-ps1
,Gm29190,Gm14847
,Gm29191,Gm14831
,Gm29193,Gm7974
,Gm29194,Gm16458
,Gm29195,Gm14567
,Gm29196,Gm14500
,Gm29197,Gm14836
,Gm29198,Gm9109
,Gm29203,Gm16383
,Gm29204,Gm14821
,Gm29206,Gm7129
,Gm29207,Gm6446
,Gm29209,Gm2214
,Gm29210,Gm5400
,Gm29211,Rhox3g
,Gm29212,Gm6062
,Gm29213,Gm9208
,Gm29215,Zfp36l1-ps
,Gm29217,Gm14481
,Gm29218,Gm5379
,Gm29219,Gm15025
,Gm29220,Gm14919
,Gm29221,Gm2003
,Gm29222,Gm6461
,Gm29223,Atf1-ps
,Gm29224,Gm9009
,Gm29225,Gm5419
,Gm29226,Gm15165
,Gm29227,Gm4986
,Gm29238,Gm5384
,Gm29239,Gm14678
,Gm29244,Gm9157
,Gm29248,Gm15224
,Gm29249,Gm15000
,Gm29250,Gm15012
,Gm29251,Gm14509
,Gm29252,Gm14627
,Gm29255,Gm15077
,Gm29256,Gm14797
,Gm29259,Gm5944
,Gm29265,Gm14628
,Gm29267,Psmb7-ps2
,Gm29268,AU015836
,Gm29269,Rps24-ps3
,Gm29270,Gm6987
,Gm29271,Gm14712
,Gm29272,Gm6071
,Gm29274,Gm14977
,Gm29275,Gm14856
,Gm29276,Gm14937
,Gm29278,Gm6079
,Gm29279,Gm5638
,Gm29280,Gm14624
,Gm29281,Gm14946
,Gm29285,Gm14630
,Gm29286,Gm7155
,Gm29288,Gm4234
,Gm29289,Gm6758
,Gm29297,Gm14601
,Gm29298,Gm14906
,Gm29299,Gm14605
,Gm29300,Gm14833
,Gm29301,Rhox11-ps2
,Gm29302,Gm14913
,Gm29303,Gm14800
,Gm29304,BC022960
,Gm29305,Gm14585
,Gm29306,Gm6207
,Gm29307,Gm6024
,Gm29308,Gm6023
,Gm29309,Gm14897
,Gm29310,Gm8722
,Gm29311,Gm8880
,Gm29312,Gm7485
,Gm29313,Gm5793
,Gm29314,Gm7212
,Gm29315,Gm14935
,Gm29316,3110067C02Rik
,Gm29317,Gm14621
,Gm29319,Gm8424
,Gm29320,Rhox2-ps
,Gm29321,Gm15076
,Gm29324,Gm16407
,Gm29329,Gm5940
,Gm29330,Gm14890
,Gm29333,Gm14886
,Gm29338,Gm6964
,Gm29339,Gm6744
,Gm29342,Gm15268
,Gm29343,Gm4297
,Gm29349,Gm14542
,Gm29350,Gm14760
,Gm29351,Gm15173
,Gm29352,Gm2066
,Gm29353,Gm9097
,Gm29354,Gm14373
,Gm29355,Gm14788
,Gm29356,Gm16511
,Gm29357,Gm8501
,Gm29360,Gm5380
,Gm29363,Gm14859
,Gm29364,Gm14909
,Gm29365,Gm14659
,Gm29366,Gm14883
,Gm29368,Gm9516
,Gm29369,Rpl7-ps9
,Gm29370,Gm14995
,Gm29373,Gm14857
,Gm29377,Gm15018
,Gm29378,Gm6275
,Gm29379,Gm14622
,Gm29380,Gm14587
,Gm29381,Gm15266
,Gm29382,Gm14480
,Gm29384,Gm14520
,Gm29386,Gm15034
,Gm29390,Rpl7l1-ps1
,Gm29391,Gm14550
,Gm29392,Gm15151
,Gm29393,Gm15073
,Gm29399,Gm14891
,Gm29400,Gm15041
,Gm29401,Gm5388
,Gm29403,Gm14894
,Gm29404,Xlr4e-ps
,Gm29405,Gm14746
,Gm29406,Gm8595
,Gm29407,Gm15031
,Gm29409,Gm16436
,Gm29410,Gm15011
,Gm29411,Gm14686
,Gm29412,Gm14771
,Gm29413,Gm5752
,Gm29416,Gm15160
,Gm29420,Gm14538
,Gm29421,Gm14879
,Gm29422,Gm15132
,Gm29423,Gm14815
,Gm29424,Gm7657
,Gm29425,Gm14921
,Gm29426,Gm14568
,Gm29433,Gm15047
,Gm29435,Gm8215
,Gm29436,Gm6797
,Gm29437,Gm3943
,Gm29444,Gm15176
,Gm29445,Gm14830
,Gm29446,Gm14774
,Gm29447,Gm7840
,Gm29448,Gm14682
,Gm29449,Gm3880
,Gm29450,Gm14761
,Gm29451,Gm7781
,Gm29452,Gm14796
,Gm29457,Rpl30-ps11
,Gm29466,Pou5f1-rs13
,Gm29467,Gm14732
,Gm29468,Gm14912
,Gm29469,Gm14735
,Gm29470,Gm4853
,Gm29471,Gm14558
,Gm29472,Gm7916
,Gm29473,Gm14452
,Gm29474,Gm15233
,Gm29475,Gm5646
,Gm29476,Gm8644
,Gm29484,Gm14993
,Gm29495,Gm14673
,Gm29496,Gm7219
,Gm29497,Gm14884
,Gm29498,Gm15111
,Gm29499,Gm15193
,Gm29503,Gm14927
,Gm29504,Gm14654
,Gm29505,Gm6427
,Gm29511,Gm9218
,Gm29512,Gm14838
,Gm29522,Gm15032
,Gm29523,Gm15164
,Gm29524,Gm14769
,Gm29525,Gm14926
,Gm29526,Gm14353
,Gm29527,Gm14506
,Gm29528,Gm8312
,Gm29531,Gm14681
,Gm29532,Gm9059
,Gm29533,Gm15294
,Gm29534,Xlr5e-ps
,Gm29535,Gm9436
,Gm29537,Gm14633
,Gm29544,Gm5937
,Gm29545,Rps12-ps7
,Gm29546,Gm14369
,Gm29547,Gm14804
,Gm29548,Gm8522
,Gm29549,Gm15071
,Gm29550,Gm14594
,Gm29551,Gm14973
,Gm29552,Gm9439
,Gm29553,Gm15060
,Gm29554,Gm5383
,Gm29555,Gm14917
,Gm29556,Gm14450
,Gm29557,Gm14794
,Gm29558,Gm6184
,Gm29559,Gm14473
,Gm29564,Gm14868
,Gm29565,Rps2-ps13
,Gm29566,Gm9166
,Gm29567,Gm14714
,Gm29568,Gm15213
,Gm29569,Gm6285
,Gm29573,Gm14603
,Gm29574,Gm7927
,Gm29575,Gm15022
,Gm29576,Gm14839
,Gm29577,Gm8261
,Gm29578,Gm14930
,Gm29579,Hspa9-ps1
,Gm29580,Gm14530
,Gm29581,Gm14971
,Gm29582,Hmgb1-ps2
,Gm29584,Mdm4-ps
,Gm29586,Gm9051
,Gm29606,Gm4911
,Gm29607,Gm14870
,Gm29612,Gm4995
,Gm29613,Sms-ps
,Gm29614,Gm6298
,Gm29615,Gm9435
,Gm29616,Gm14677
,Gm29617,Gm6325
,Gm29618,Gm21998
,Gm29622,Gm14753
,Gm29623,Gm15152
,Gm29624,5730416F02Rik
,Gm29625,Gm9005
,Gm29628,Gm8662
,Gm29631,Gm15282
,Gm29632,Xlr5d-ps
,Gm29633,Gm14901
,Gm29634,Gm14849
,Gm29635,Gm4789
,Gm29636,Gm14695
,Gm29637,Gm15158
,Gm29639,Gm15103
,Gm29644,Gm7405
,Gm29645,Gm6897
,Gm29646,Gm14649
,Gm29647,Gm7851
,Gm29648,Prkaca-ps1
,Gm29650,Gm14925
,Gm29651,Gm14580
,Gm29652,Gm14514
,Gm29653,Gm15002
,Gm29654,Gm15141
,Gm29655,Gm14983
,Gm29656,Gm15223
,Gm29659,Gm8858
,Gm29660,Gm5385
,Gm29661,Gm14752
,Gm29662,Gm6175
,Gm29671,Gm14660
,Gm29672,Gm8864
,Gm29740,Gm5389
,Gm29839,Gm15067
,Gm29866,Gm5754
,Gm30045,Gm14985
,Gm30174,Gm15209
,Gm30175,Gm14613
,Gm30312,Gm9062
,Gm30353,Gm15105
,Gm30598,Gm15211
,Gm30638,Gm14767
,Gm30686,Gm14599
,Gm30705,Gm15039
,Gm30737,Xlr3e-ps
,Gm30858,Gm15149
,Gm31123,Gm9078
,Gm31186,Gm14512
,Gm31260,Gm16480
,Gm31335,Mageb17-ps
,Gm31422,Gm16471
,Gm31511,Gm16397
,Gm31571,Gm14823
,Gm31572,Gm14895
,Gm31942,Gm14841
,Gm32033,Gm8475
,Gm32114,Gm14517
,Gm32180,Gm7153
,Gm32181,Gm6568
,Gm32295,Gm7189
,Gm32347,Gm15206
,Gm32447,Gm15043
,Gm33112,Gm6322
,Gm33163,Gm15231
,Gm33191,Gm14991
,Gm33571,Gm14359
,Gm3376,Gm5764
,Gm33815,Gm8097
,Gm33954,Mageb10-ps
,Gm34015,Rpl17-ps8
,Gm34217,Psmb6-ps
,Gm34274,Gm15048
,Gm34550,Gm1866
,Gm34716,Pramex2
,Gm35070,Gm8659
,Gm35108,Gm14358
,Gm35134,Gm14728
,Gm35670,Gm6441
,Gm35843,Gm16481
,Gm35955,Gm14665
,Gm36047,Mageb16-ps1
,Gm36261,Rpl19-ps12
,Gm36345,Gm4994
,Gm36398,Gm8199
,Gm36467,Gm14679
,Gm36468,Gm14975
,Gm36728,Gm14502
,Gm36782,Gm15236
,Gm36866,Gm14988
,Gm36891,Gm16463
,Gm36928,Rpl23a-ps13
,Gm36929,Gm14570
,Gm36941,Gm7164
,Gm36950,Gm14701
,Gm36968,Gm7091
,Gm36978,Gm14360
,Gm36987,Gm14656
,Gm36998,Gm8617
,Gm37032,Gm14835
,Gm37044,Gm14877
,Gm37059,Gm14563
,Gm37071,Gm2768
,Gm37075,Gm4784
,Gm37112,Gm5166
,Gm37129,Gm14719
,Gm37130,Gm8577
,Gm37147,Gm14504
,Gm37157,Gm4910
,Gm37158,Gm7722
,Gm37172,Gm7058
,Gm37222,Gm15379
,Gm37231,Gm15009
,Gm37236,Gm14865
,Gm37237,Gm15079
,Gm37252,Gm715
,Gm37263,Gm8344
,Gm37286,Nap1l2
,Gm37287,Gm14380
,Gm37318,Gm8503
,Gm37325,Gm6292
,Gm37344,Gm14639
,Gm37346,Gm7429
,Gm37369,Gm14999
,Gm37378,Gm14730
,Gm37395,Gm14676
,Gm37433,Gm14375
,Gm37434,Gm14854
,Gm37440,H3f3a-ps1
,Gm37441,Gm14755
,Gm37442,Gm5762
,Gm37448,Rhox3d-ps
,Gm37451,Gm14791
,Gm37454,Gm14933
,Gm37462,Actr3-ps
,Gm37467,Gm9164
,Gm37473,Gm14615
,Gm37476,Gm14366
,Gm37538,Gm8401
,Gm37544,Gm14723
,Gm37547,Gm5395
,Gm37561,Gm6952
,Gm37572,Gm15036
,Gm37574,Gm378
,Gm37577,Gm14990
,Gm37627,Gm8814
,Gm37635,Gm3712
,Gm37654,Gm4772
,Gm37656,Gm14970
,Gm37657,Gm9670
,Gm37658,Gm14938
,Gm37687,Gm15028
,Gm37690,Gm14803
,Gm37721,Gm14916
,Gm37723,Gm14799
,Gm37734,Gm5401
,Gm37739,Gm15004
,Gm37740,Gm6973
,Gm37765,Gm15148
,Gm37793,Gm14610
,Gm37798,Olfr1327-ps1
,Gm37808,Gm4914
,Gm37840,Gm14709
,Gm37865,Gm15364
,Gm37870,Gm15244
,Gm37875,Mageb7-ps
,Gm37898,Gm9430
,Gm37921,Gm8844
,Gm37927,Gm15147
,Gm37937,Rab9b-ps1
,Gm37948,Gm6743
,Gm37951,Gm4746
,Gm37952,H2ab2
,Gm37990,Gm14356
,Gm37991,Gm6798
,Gm37998,Gm40
,Gm38003,Gm15195
,Gm38013,Gm15003
,Gm38016,Gm14816
,Gm38017,Gm4915
,Gm38028,Gm5757
,Gm38035,Gm14981
,Gm38054,Gm14704
,Gm38072,Gm15207
,Gm38084,Gm9095
,Gm38094,Gm14898
,Gm38107,Gm14813
,Gm38121,Gm15065
,Gm38127,Gm5387
,Gm38136,Gm15157
,Gm38138,Gm15026
,Gm38145,Gm14896
,Gm38149,Gm8737
,Gm38159,Gm8569
,Gm38168,Gm14943
,Gm38174,Gm15074
,Gm38181,Gm14793
,Gm38183,Gm15212
,Gm38185,Gm9673
,Gm38209,Gm15021
,Gm38229,Gm14638
,Gm38290,Gm7746
,Gm38296,4930503H13Rik
,Gm38350,Gm6025
,Gm38361,Smt3h2-ps
,Gm38363,Gm14852
,Gm38369,Gm8244
,Gm38370,Rpl7a-ps13
,Gm38371,Gm15204
,Gm4017,Pwwp4-ps
,Gm4064,Gm14834
,Gm47283,Gm14750
,Gm50460,Gm14923
,Gm6137,Gm2012
,Gm8446,Gm14725
,Gm8480,Gm7857
,Gm8498,Gm14736
,Gm8502,Gm14612
,Gm8506,Gm8761
,Gm8510,Gm5393
,Gm8521,Gm6382
,Gm8525,Gm14885
,H2al2b,Gm14972
,H2al2c,Gm15190
,Kdm5d,Gm15040
,Mid1-ps1,Gm6881
,n-R5s1,Gm15172
,Rbm31y,Gm14721
,Rbmy,Gm14928
,Rhoay-ps1,Gm14564
,Rhoay-ps2,Supt20-ps
,Rhoay-ps3,Gm14845
,Sly,Gm15153
,Srsy,Rhox11-ps1
,Sry,Gm16394
,Ssty1,Gm5381
,Ssty2,Rps12-ps1
,Tspy-ps,Gm6620
,Uba1y,Gm14899
,Uba1y-ps1,Gm8692
,Uba1y-ps2,Gm6923
,Usp9y,Gm14826
,Uty,Gm14722
,Vmn2r-ps139,Gm381
,Vmn2r-ps149,Gm15058
,Zfy1,Itpa-ps3
,Zfy2,Gm7061
,,Gm15191
,,Gm9126
,,Gm6806
,,Gm14554
,,Gm14782
,,Gm8682
,,Gm14860
,,Gm16428
,,Gm14731
,,Gm14716
,,Gm5397
,,Gm14786
,,Gm14519
,,Gm14588
,,Gm16421
,,Gm14748
,,Gm5759
,,Gm7134
,,Gm14537
,,Gm15106
,,Gm14674
,,Gm14745
,,Gm15367
,,Gm5386
,,Gm14607
,,Gm15014
,,Gm6480
,,Gm7823
,,Smt3h1-ps
,,Gm14832
,,Gm14758
,,Gm8770
,,Gm14739
,,Gm15240
,,Gm8172
,,Gm5863
,,Gm6067
,,Gm14811
,,Gm15095
,,Gm14881
,,Btf3-ps10
,,Gm8036
,,Gm15131
,,Rpl13-ps5
,,Gm6754
,,Gm14614
,,Gm14581
,,Gm15214
,,Gm15129
,,Gm14363
,,Gm15126
,,Gm6238
,,Gm14687
,,Gm6222
,,Gm14982
,,Gm6373
,,Gm14561
,,Gm14910
,,Gm9083
,,Gm14900
,,Gm14699
,,Gm14822
,,Gm15001
,,Gm14795
,,Gm14533
,,Gm14980
,,Gm14882
,,Gm14751
,,Gm16431
,,Gm14670
,,Gm14667
,,Gm4760
,,Gm15385
,,Gm4908
,,Gm14578
,,Gm4732
,,Gm6429
,,Gm14620
,,Rpl10-ps4
,,Gm14790
,,Gm15171
,,Gm14724
,,Fthl17-ps2
,,Gm15189
,,Gm14560
,,Gm15170
,,Gm5073
,,Gm14334
,,Gm4913
,,Gm14655
,,Gm4917
,,Gm8648
,,Gm7190
,,Gm7820
,,Gm15007
,,Gm9432
,,Gm15066
,,Gm7821
,,Gm14780
,,Gm14869
,,Gm14875
,,Gm15016
,,Gm15215
,,Gm15096
,,Gm7222
,,Gm14668
,,Gm14623
,,Gm5403
,,Gm7108
,,Kars-ps1
,,Gm5939
,,Gm14470
,,Gm14874
,,Gm4993
,,Gm14589
,,Gm15361
,,Csnk2a1-ps2
,,Gm15030
,,Gm14957
,,AA414768
,,Gm5760
,,Gm5643
,,Gm15185
,,Gm15192
,,Gm14931
,,Gm14997
,,Vcp-rs
,,Magea7-ps
,,Gm14666
,,Gm6491
,,Gm8260
,,Gm9060
,,Gm14907
,,Gm8606
,,Llph-ps2
,,Gm14887
,,Gm8806
,,Gm15057
,,Gm4919
,,Gm6335
,,Gm15194
,,Gm15033
,,Gm14394
,,Gm8410
,,Rpl30-ps10
,,Gm14840
,,Gm15378
,,Gm14485
,,Gm14776
,,Gm14591
,,Gm14878
,,Gm15187
,,Gm5402
,,Gm14491
,,Rpl7a-ps12
,,Gm14768
,,Gm15038
,,Gm8749
,,Gm14619
,,Gm14905
,,Gm15037
,,Gm4909
,,Gm15225
,,Gm9431
,,Nsa2-ps2
,,Gm15267
,,Gm9440
,,Gm14706
,,Gm14574
,,Gm14521
,,Gm8534
,,Gm14940
,,Gm14515
,,Gm15044
,,Gm14609
,,Gm14861
,,Gm6027
,,Gm14577
,,Gm15196
,,Gm14998
,,Gm9429
,,Gm6418
,,Gm14381
,,Gm14942
,,Gm14663
,,Oat-rs1
,,Gm14516
,,Gm6645
,,Gm9043
,,Gm14939
,,Gm5942
,,Gm14711
,,Gm14671
,,Gm7312
,,Gm16411
,,Gm14741
,,Gm9200
,,Rpl21-ps15
,,Gm14805
,,Gm14579
,,Gm14911
,,Gm14810
,,Gm14893
,,Gm14863
,,Gm8832
,,H2ab3
,,Gm5390
,,Gm14586
,,Gm15188
,,Gm2030
,,Gm15175
,,Gm14754
,,Gm8876
,,Gm9225
,,Gm6088
,,Gm14903
,,Gm14575
,,Gm5648
,,Gm6829
,,Gm9119
,,Pcna-ps1
,,Pou5f1-rs8
,,Gm15154
,,Rnf138rt1
,,Gm14932
,,Gm4912
,,Gm14688
,,Gm15078
,,Gm3931
,,Fthl17-ps1
,,Gm15161
,,Gm7700
,,Gm6039
,,Gm14592
,,Gm15297
,,Gm14824
,,Gm14727
,,Gm14534
,,Gm7803
,,Gm14559
,,Gm14524
,,Gm9050
,,Gm15362
,,Gm14837
,,Gm15094
,,Gm14775
,,Gm14842
,,Gm14729
,,Gm6092
,,Gm14584
,,Gm14848
,,Gm15110
,,Gm14713
,,Gm5133
,,Gm14908
,,Gm14631
,,Amd-ps1
,,Gm15006
,,Gm8839
,,Gm14765
,,Gm1947
,,Gm7071
,,Gm14571
,,Xlr3d-ps
,,Gm14979
,,Gm16479
,,Gm14740
,,E530001F21Rik
,,Gm1848
,,Gm14843
,,Gm7340
,,Gm15186
,,Gm6447
,,Gm5391
,,Gm14352
,,Gm14987
,,Gm649
,,Gm14783
,,Gm14749
,,Gm4991
,,Gm14518
,,Gm14829
,,Gm14451
,,Gm14733
,,Gm15242
,,Gm7158
,,Gm14785
,,Gm4918
,,Gm15203
,,Gm15081
,,Gm5943
,,Gm14802
,,Mageb8-ps
,,Gm5060
,,Gm15363
,,Gm14650
,,Gm16465
,,Gm7790
,,Gm14653
,,Gm15113
,,Gm9003
,,Rhox7-ps1
,,Gm7209
,,Gm8754
,,Gm16459
,,Gm8855
,,Gm16423
,,Gm7416
,,Gm14551
,,Gm14647
,,Gm14984
,,Gm14904
,,Gm14945
,,Rhox3b-ps
,,Gm8916
,,Gm16412
,,Gm4996
,,Gm5934
,,Gm15159
,,Xlr4d-ps
,,Gm6591
,,Gm8310
,,Gm14600
,,Gm15227
,,Gm5761
,,Gm14922
,,Gm14629
,,Gm4992
,,Gm15112
,,Gm8421
,,Gm14989
,,Gm8757
,,Rpl3-ps2
,,Gm9085
,,Gm14915
,,Gm9103
,,Gm15075
,,Gm14395
,,Gm7113
,,Gm14652
,,Gm15061
,,Gm6451
,,Gm16420
,,Gm15237
,,Rplp1-ps1
,,Rpl36-ps10
,,Gm15167
,,Gm6823
,,Marcksl1-ps5
,,Gm5398
,,Gm8061
,,Gm15168
,,Gm14825
,,Btf3-ps3
,,Gm14876
,,Gm14994
,,Gm15162
,,Gm14566
,,Gm14976
,,Gm14541
,,Gm14784
,,Gm15177
,,Gm14846
,,Gm5396
,,Gm14770
,,Gm14914
,,Tpt1-ps6
,,Gm14576
,,Fth1-ps
,,Gm14331
,,Gm6954
,,Gm8216
,,Gm14645
,,Gm14593
,,Gm6500
,,Gm14531
,,Gm15019
,,Gm8163
,,Gm14986
,,Gm14766
,,Gm3928
,,Gm14608
,,Rpl3-ps1
,,Gm14792
,,Gm8202
,,Gm2288
,,Gm15142
,,Gm14626
,,Gm14855
,,Gm15238
,,Gm8111
,,Gm15087
,,Gm14657
,,Gm9133
,,Gm25107
,,Gm24595
,,Gm24598
,,Mir1906-2
,,Gm23656
,,None
,,None
,,None
,,None
,,None
,,None
,,Gm26020
,,None
,,None
,,Mir1911
,,A230072E10Rik
,,Gm14951
,,Gm15232
,,Gm14539
,,Gm14710
,,Pabpc1l2b
,,4930570D08Rik
,,3010001F23Rik
,,Gm14827
,,Gm14505
,,Gm15230
,,Gm15156
,,Gm14684
,,Gm14349
,,Gm14936
,,Gm15275
,,Gm14549
,,Gm14553
,,Gm14809
,,E330016L19Rik
,,Gm4989
,,Gm14562
,,Gm4764
,,1600025M17Rik
,,A730046J19Rik
,,Eif2c5
,,4930515L19Rik
,,Gm7855
,,Gm16189
,,Gm14866
,,Gm14974
,,Firre
,,Gm8289
,,Hmgn2l6
,,Gm3669
,,Gm2117
,,Gm14950
,,Gm21990
,,Gm14808
,,Gm15020
,,Gm14858
,,Mageb6-ps
,,Rtl9
,,Gm14493
,,Gm14715
,,Gm14747
,,Ap3s1-ps1
,,4930555B12Rik
,,Gm14565
,,Gm14817
,,Gm9498
,,Gm15243
,,Gm9428
,,Gm15163
,,Tsix
,,Gm4916
,,Gm15279
,,Tslrn1
,,Gm14364
,,Rpl30-ps9
,,Gm14718
,,Spin2-ps4
,,Gm15229
,,Gm14634
,,Gm14368
,,Gm14742
,,Gm15258
,,9530051G07Rik
,,Gm7437
,,AW822252
,,Gm8817
,,Gm15201
,,Drr1
,,Spin2-ps3
,,Gm14707
,,Ppp4r3c-ps
,,Gm14643
,,Kis2
,,1700036O09Rik
,,Gm15169
,,Gm14717
,,4930558G05Rik
,,Gm15274
,,Gm15239
,,Gm15138
,,Nbdy
,,Ftx
,,Gm6787
,,Gm15295
,,Gm14929
,,Gm15046
,,Gm14947
,,Gm16265
,,Gm15259
,,Xist
,,Gm14503
,,Pabpc1l2a
,,Gm15281
,,Scml1
,,Gm14651
,,Gm15384
,,Gm7076
,,Gm15280
,,2810403D21Rik
,,Gm15273
,,Gm14705
,,Gm15015
,,Gm15432
,,Gm15247
,,Gm14582
,,Gm15482
,,Gm14902
,,Gm2309
,,Platr21
,,Gm1720
,,A230072C01Rik
,,Gm15276
,,Gm15298
,,Gm15063
,,Gm14697
,,E330010L02Rik
,,Gm15092
,,Gm16441
,,4933416E14Rik
,,Gm2231
,,Fthl17-ps3
,,B230119M05Rik
,,Gm27192
,,Itih5l-ps
,,Cldn34-ps
,,Gm15008
,,Gm15246
,,5530601H04Rik
,,Gm14820
,,Gm15261
,,Gm5125
,,Gm2182
,,Gm14764
,,Gm4750
,,Gm14379
,,Gm6985
,,Gm15726
,,Gm6038
,,Gm15228
,,4930453H23Rik
,,Gm15104
,,C430049B03Rik
,,BC065397
,,Gm14696
,,Gm7598
,,4933407K13Rik
,,Gm14664
,,Kantr
,,Gm14529
,,5730405O15Rik
,,Gm15017
,,Gm2200
,,Gm7023
,,Gm14552
,,Gm15241
,,Gm371
,,5730412P04Rik
,,Gm14662
,,Actb-ps1
,,Gm15202
,,Gm14457
,,Gm6938
,,Gm15245
,,Gm14635
,,5330434G04Rik
,,Gm14798
,,Gm14703
,,Gm21979
,,Gm15226
,,Gm23000
,,Gm25828
,,None
,,Gm26276
,,Gm23985
,,Gm23958
,,Gm25624
,,Gm26099
,,None
,,None
,,None
,,None
,,None
,,Gm23325
,,U7
,,None
,,None
,,Gm24061
,,Gm24718
,,Gm26351
,,Gm23901
,,None
,,Gm25429
,,None
,,Gm23124
,,None
,,Gm23586
,,None
,,None
,,Gm26182
,,None
,,None
,,Gm24687
,,Gm26312
,,None
,,None
,,Gm23557
,,None
,,Gm26368
,,Mir1970
,,Gm23082
,,None
,,Gm23280
,,Gm23277
,,Gm26000
,,Gm26487
,,None
,,Gm22332
,,None
,,Gm25552
,,None
,,None
,,None
,,Gm22539
,,Gm25226
,,Gm27510
,,None
,,None
,,Gm22522
,,None
,,Gm23258
,,Gm22090
,,Gm25520
,,None
,,Gm26174
,,Gm26401
,,Gm26406
,,None
,,Gm22430
,,None
,,Gm25770
,,Gm24577
,,None
,,None
,,Gm26029
,,None
,,None
,,Mir2137
,,Gm22139
,,None
,,None
,,Gm26007
,,None
,,Gm23199
,,None
,,None
,,None
,,3632454L22Rik
,,Tmsb15b1
,,Rhox11-ps3
,,Tmsb15b2
,,Srpx
,,Magea9-ps
,,Tesl2
,,Cmc4
,,Kcne1l
,,Cypt2
,,Gm614
,,Cdr1
,,Mageb11
,,Gm14569
,,Yy2
,,Srsx
,,Cldn34a
,,Gm20455
,,Gm20489
,,Mir3473a
,,None
,,Mir5116
,,Mir3110
,,None
,,None
,,Mir3552
,,None
,,Mir5132
,,None
,,None
,,None
,,Mir1912
,,Gm24812
,,Gm24809
,,Mir3475
,,Mir1264
,,Mir3112
,,None
,,None
,,Mir3113
,,None
,,None
,,None
,,Mir5617
,,None
,,Rps12-ps23
,,Asmt
,,Gm2101
,,Gm15089
,,Gm5645
,,None
,,Gm379
,,Gm5935
,,Gm14362
,,Gm7365
,,Rps12-ps12
,,Gm5128
,,Rps12-ps20
,,Spin2-ps6
,,Gm16445
,,None
,,None
,,Magea3
,,Rps12-ps11
,,Gm14348
,,Gm14536
,,Btbd35f17
,,Gm15068
,,Astx2
,,Btbd35f28
,,Gm6660
,,Gm15256
,,Gm17522
,,Gm14370
,,Gm7905
,,Gm15097
,,Btbd35f29
,,Gm14365
,,Gm7950
,,Gm7386
,,Gm15143
,,None
,,Astx4c
,,Btbd35f11
,,Gm15027
,,Samt1b
,,Samt1d
,,Btbd35f20
,,Gm5926
,,Gm4836
,,Gm8303
,,None
,,None
,,Astx4b
,,Gm4726
,,Gm14596
,,Gm15099
,,Gm16430
,,Gm15251
,,Gm10487
,,Gm8402
,,Gm2759
,,Gm6019
,,Samt1
,,Btbd35f27
,,Mageb6b1
,,Gm17521
,,Btbd35f18
,,Ott
,,None
,,None
,,None
,,H2al1d
,,Gm15093
,,Rhox4a2
,,Gm15101
,,Gm14595
,,None
,,Gm17412
,,Astx6
,,None
,,Astx1c
,,Rps12-ps15
,,Gm17577
,,Slx
,,Gm5947
,,None
,,Gm15091
,,Gm7408
,,Gm17467
,,1700003E24Rik
,,Rps12-ps17
,,Gm3657
,,Rhox5
,,None
,,Cypt14
,,Gm14357
,,Rps12-ps22
,,Astx1b
,,None
,,Gm10058
,,Gm21876
,,None
,,Gm14996
,,Gm7398
,,Gm7350
,,Gm16404
,,Gm8366
,,Gm15260
,,H2al1e
,,Astx1a
,,Gm7375
,,None
,,Gm15254
,,H2al1i
,,Cldn34c2
,,Gm14361
,,Gm7391
,,Rps12-ps14
,,Rhox3f
,,Astx5
,,Gm15102
,,Gm10230
,,Gm8383
,,Erdr1
,,Astx3
,,Gm15045
,,Rps7-ps3
,,Gm6215
,,Rhox3a2
,,Gm15085
,,Gm8331
,,H2al1f
,,Gm15252
,,Spin2g
,,H2al1g
,,Rhox2d
,,Gm15005
,,Btbd35f10
,,Rhox2f
,,Spin2f
,,Gm21637
,,None
,,Gm7415
,,Btbd35f7
,,None
,,Gm15098
,,Gm15128
,,Gm10096
,,Gm7958
,,Gm2318
,,Gm7421
,,Gm14333
,,Btbd35f13
,,Gm6221
,,Gm15042
,,Gm15084
,,Gm15100
,,Gm21986
,,Mageb6b2
,,H2al1c
,,Gm6228
,,Gm14625
,,Rps12-ps18
,,Gm14527
,,BC061195
,,Gm15090
,,Btbd35f2
,,Gm15088
,,None
,,Gm5123
,,None
,,Gm14598
,,Gm3681
,,Astx4a
,,Gm15086
,,Rps12-ps21
,,Gm6664
,,Gm14590
,,Btbd35f24
,,Rps12-ps16
,,Gm8320
,,Gm10147
,,Gm16405
,,None
,,Gm7903
,,Gm14355
,,Gm7438
,,Gm14992
,,Gm5169
,,None
,,Magea1
,,Spin2e
,,Gm15069
,,Gm5755
,,ENSMUSG00000096724
,,Gm15257
,,Rps12-ps13
,,Rhox2e
,,Gm4725
,,Rps12-ps6
,,Gm15127
,,Samt1c
,,Astx4d
,,Gm8346
,,Gm6113
,,Gm2165
,,Btbd35f6
,,None
,,None
,,Gm18336
,,None
,,None
,,Gm26726
,,None
,,Gm2155
,,None
,,Gm26618
,,None
,,None
,,Gm26652
,,Jpx
,,None
,,Gm26952
,,Gm27000
,,Gm19200
,,Gm26992
,,Gm26960
,,None
,,None
,,Gm27191
,,Btg1c
,,Gm27414
,,None
,,None
,,Gm6956
,,Mir6383
,,Gm15013
,,None
,,None
,,None
,,None
,,None
,,None
,,None
,,None
,,None
,,None
,,None
,,None
,,Mir7673
,,None
,,None
,,None
,,None
,,Mir3620
,,None
,,None
,,Mir7091
,,Mir7093
,,None
,,None
,,H2al1h
,,Btbd35f21
,,Gm5644
,,Tgif2lx1
,,Tgif2lx2
,,H2al1m
,,Btbd35f23
,,1700121L16Rik
,,H2al1k
,,Nanog-ps1
,,1700111N16Rik
,,H2al1a
,,2010308F09Rik
,,Gm28579
,,Gm29242
,,Btbd35f15
,,Btbd35f16
,,Btbd35f12
,,Gm28730
,,Gm28268
,,Gm28269
,,H2al1b
,,Gm10344
,,Gm37741
,,Gm36995
,,Gm38390
,,Gm38020
,,Gm37564
,,Gm37956
,,Gm23786
,,None
,,None
,,None
,,None
,,None
,,None
,,None
,,None
,,None
,,None
,,None
,,None
,,Mir6384
,,None
,,ENSMUSG00000105993
,,None
,,None
,,Mir509
,,Mir7646
,,None
,,Rhox7-ps2
,,Mir7092
,,Mir374c
,,Mir465d
,,Gm15262
,,Gm6858
,,Gm44593
,,Gm45022
,,Gm45194
,,Gm45015
,,Gm39526
,,Gm45208
,,1700018G05Rik
,,Pfn5
,,Gm47265
,,Gm2854
,,Gm5923
,,Btbd35f22
,,None
,,Btbd35f5
,,Gm2411
,,Gm17267
,,Btbd35f9
,,Cldn34c3
,,Btbd35f25
,,Gm50486
,,Btbd35f8
,,Gm50468
,,Btbd35f26
,,Gm50465
,,Gm17584
,,Gm21883
,,Gm17469
,,Btbd35f1
,,Gm9730
,,Gm17522
,,Btbd35f19
,,Gm17361
,,Gm50485
,,Gm21616
,,Gm50476
,,Gm21789
,,Gm5945
,,Gm17693
,,Gm21870